{
    "0": 0.0013680019183643095,
    "1": 0.010756378527227519,
    "2": 0.009881157924408603,
    "3": 0.007297101526456334
}